timestamp,x1,y1,x2,y2
0.000000,0.000000,0.000000,100.000000,0.000000
0.050000,0.000000,0.000000,100.000000,9.000000
0.100000,0.002500,0.000000,99.175003,18.000000
0.150000,0.007470,0.000222,97.534927,26.926643
0.200000,0.014861,0.000884,95.095833,35.708263
0.250000,0.024606,0.002196,91.879875,44.275398
0.300000,0.036621,0.004360,87.915199,52.561356
0.350000,0.050801,0.007567,83.235756,60.502804
0.400000,0.067027,0.011999,77.881020,68.040382
0.450000,0.085165,0.017820,71.895607,75.119308
0.500000,0.105064,0.025182,65.328789,81.689949
0.550000,0.126564,0.034217,58.233906,87.708321
0.600000,0.149492,0.045041,50.667686,93.136543
0.650000,0.173668,0.057748,42.689499,97.943176
0.700000,0.198907,0.072414,34.360542,102.103439
0.750000,0.225021,0.089093,25.743004,105.599289
0.800000,0.251821,0.107820,16.899220,108.419411
0.850000,0.279119,0.128609,7.890852,110.559029
0.900000,0.306733,0.151456,-1.221883,112.019608
0.950000,0.334488,0.176338,-10.380919,112.808464
1.000000,0.362215,0.203217,-19.530949,112.938271
1.050000,0.389757,0.232041,-28.619940,112.426483
1.100000,0.416968,0.262743,-37.599533,111.294739
1.150000,0.443713,0.295248,-46.425339,109.568222
1.200000,0.469870,0.329470,-55.057114,107.275017
1.250000,0.495330,0.365317,-63.458858,104.445503
1.300000,0.519996,0.402692,-71.598793,101.111748
1.350000,0.543786,0.441494,-79.449295,97.306961
1.400000,0.566626,0.481621,-86.986748,93.065018
1.450000,0.588459,0.522970,-94.191330,88.419998
1.500000,0.609233,0.565437,-101.046806,83.405815
1.550000,0.628910,0.608922,-107.540260,78.055893
1.600000,0.647460,0.653325,-113.661812,72.402908
1.649999,0.664862,0.698550,-119.404350,66.478561
1.699999,0.681101,0.744505,-124.763268,60.313419
1.749999,0.696170,0.791101,-129.736176,53.936798
1.799999,0.710069,0.838253,-134.322632,47.376671
1.849999,0.722800,0.885880,-138.523941,40.659615
1.899999,0.734372,0.933907,-142.342911,33.810783
1.949999,0.744799,0.982261,-145.783615,26.853909
1.999999,0.754095,1.030875,-148.851242,19.811308
2.049999,0.762279,1.079685,-151.551926,12.703916
2.099999,0.769371,1.128633,-153.892548,5.551324
2.149999,0.775396,1.177661,-155.880646,-1.628171
2.199999,0.780377,1.226720,-157.524277,-8.817517
2.249999,0.784339,1.275760,-158.831894,-16.000845
2.299999,0.787310,1.324738,-159.812286,-23.163410
2.349999,0.789316,1.373611,-160.474472,-30.291534
2.399999,0.790387,1.422341,-160.827621,-37.372540
2.449999,0.790549,1.470893,-160.881042,-44.394688
2.499999,0.789830,1.519234,-160.644073,-51.347130
2.549999,0.788261,1.567333,-160.126068,-58.219845
2.599999,0.785868,1.615163,-159.336365,-65.003578
2.649999,0.782679,1.662697,-158.284225,-71.689804
2.699999,0.778724,1.709911,-156.978836,-78.270668
2.749999,0.774028,1.756785,-155.429276,-84.738937
2.799999,0.768620,1.803297,-153.644501,-91.087959
2.849998,0.762525,1.849430,-151.633347,-97.311623
2.899998,0.755771,1.895165,-149.404480,-103.404320
2.949998,0.748383,1.940488,-146.966431,-109.360909
2.999998,0.740386,1.985384,-144.327560,-115.176674
3.049998,0.731806,2.029841,-141.496078,-120.847305
3.099998,0.722667,2.073845,-138.480011,-126.368858
3.149998,0.712991,2.117388,-135.287231,-131.737747
3.199998,0.702804,2.160457,-131.925446,-136.950684
3.249998,0.692128,2.203045,-128.402191,-142.004700
3.299998,0.680984,2.245143,-124.724831,-146.897079
3.349998,0.669396,2.286744,-120.900581,-151.625366
3.399998,0.657383,2.327841,-116.936501,-156.187363
3.449998,0.644968,2.368428,-112.839485,-160.581055
3.499998,0.632170,2.408499,-108.616295,-164.804657
3.549998,0.619011,2.448051,-104.273529,-168.856567
3.599998,0.605508,2.487077,-99.817657,-172.735367
3.649998,0.591682,2.525576,-95.255013,-176.439789
3.699998,0.577551,2.563542,-90.591789,-179.968719
3.749998,0.563133,2.600974,-85.834068,-183.321198
3.799998,0.548448,2.637868,-80.987793,-186.496384
3.849998,0.533511,2.674223,-76.058800,-189.493561
3.899997,0.518342,2.710037,-71.052818,-192.312149
3.949997,0.502956,2.745308,-65.975456,-194.951660
3.999997,0.487370,2.780036,-60.832233,-197.411713
4.049997,0.471602,2.814219,-55.628567,-199.692001
4.099998,0.455666,2.847856,-50.369781,-201.792358
4.149998,0.439579,2.880948,-45.061115,-203.712646
4.199998,0.423357,2.913494,-39.707722,-205.452850
4.249998,0.407014,2.945494,-34.314678,-207.013016
4.299998,0.390567,2.976950,-28.886984,-208.393265
4.349998,0.374029,3.007860,-23.429567,-209.593796
4.399999,0.357416,3.038227,-17.947292,-210.614853
4.449999,0.340742,3.068051,-12.444960,-211.456772
4.499999,0.324022,3.097334,-6.927311,-212.119934
4.549999,0.307270,3.126076,-1.399035,-212.604767
4.599999,0.290499,3.154279,4.135232,-212.911789
4.650000,0.273724,3.181945,9.670901,-213.041565
4.700000,0.256959,3.209075,15.203427,-212.994705
4.750000,0.240217,3.235673,20.728306,-212.771881
4.800000,0.223512,3.261739,26.241070,-212.373825
4.850000,0.206857,3.287277,31.737288,-211.801315
4.900001,0.190265,3.312289,37.212559,-211.055191
4.950001,0.173750,3.336777,42.662506,-210.136337
5.000001,0.157325,3.360745,48.082787,-209.045685
5.050001,0.141003,3.384195,53.469074,-207.784256
5.100001,0.124797,3.407131,58.817066,-206.353088
5.150002,0.108720,3.429556,64.122475,-204.753296
5.200002,0.092785,3.451473,69.381027,-202.986038
5.250002,0.077005,3.472887,74.588463,-201.052551
5.300002,0.061392,3.493801,79.740540,-198.954132
5.350002,0.045961,3.514219,84.833015,-196.692108
5.400002,0.030722,3.534146,89.861656,-194.267899
5.450003,0.015690,3.553586,94.822243,-191.682983
5.500003,0.000877,3.572543,99.710541,-188.938904
5.550003,-0.013704,3.591023,104.522339,-186.037277
5.600003,-0.028041,3.609031,109.253410,-182.979797
5.650003,-0.042120,3.626571,113.899536,-179.768234
5.700004,-0.055929,3.643651,118.456490,-176.404419
5.750004,-0.069455,3.660275,122.920052,-172.890274
5.800004,-0.082685,3.676449,127.285988,-169.227814
5.850004,-0.095606,3.692180,131.550064,-165.419128
5.900004,-0.108206,3.707475,135.708038,-161.466415
5.950005,-0.120472,3.722340,139.755676,-157.371964
6.000005,-0.132390,3.736784,143.688736,-153.138168
6.050005,-0.143948,3.750812,147.502960,-148.767502
6.100005,-0.155134,3.764433,151.194092,-144.262589
6.150005,-0.165933,3.777656,154.757889,-139.626129
6.200006,-0.176334,3.790489,158.190079,-134.860962
6.250006,-0.186323,3.802941,161.486420,-129.970047
6.300006,-0.195887,3.815021,164.642654,-124.956467
6.350006,-0.205014,3.826739,167.654541,-119.823441
6.400006,-0.213691,3.838105,170.517838,-114.574341
6.450006,-0.221904,3.849131,173.228317,-109.212669
6.500007,-0.229642,3.859826,175.781769,-103.742088
6.550007,-0.236891,3.870203,178.173996,-98.166412
6.600007,-0.243639,3.880273,180.400833,-92.489632
6.650007,-0.249873,3.890049,182.458130,-86.715889
6.700007,-0.255581,3.899545,184.341782,-80.849510
6.750008,-0.260751,3.908774,186.047729,-74.895004
6.800008,-0.265370,3.917750,187.571960,-68.857071
6.850008,-0.269426,3.926488,188.910507,-62.740601
6.900008,-0.272908,3.935003,190.059479,-56.550682
6.950008,-0.275803,3.943312,191.015060,-50.292610
7.000009,-0.278102,3.951431,191.773499,-43.971893
7.050009,-0.279792,3.959378,192.331177,-37.594254
7.100009,-0.280862,3.967170,192.684555,-31.165632
7.150009,-0.281304,3.974826,192.830215,-24.692200
7.200009,-0.281106,3.982366,192.764893,-18.180355
7.250010,-0.280259,3.989810,192.485458,-11.636725
7.300010,-0.278755,3.997178,191.988953,-5.068175
7.350010,-0.276584,4.004492,191.272598,1.518197
7.400010,-0.273739,4.011774,190.333817,8.115057
7.450010,-0.270213,4.019047,189.170242,14.714834
7.500010,-0.265999,4.026335,187.779755,21.309727
7.550011,-0.261092,4.033663,186.160477,27.891701
7.600011,-0.255487,4.041054,184.310806,34.452499
7.650011,-0.249180,4.048536,182.229462,40.983650
7.700011,-0.242168,4.056133,179.915482,47.476467
7.750011,-0.234449,4.063874,177.368225,53.922066
7.800012,-0.226023,4.071785,174.587418,60.311378
7.850012,-0.216889,4.079895,171.573196,66.635162
7.900012,-0.207049,4.088232,168.326080,72.884026
7.950012,-0.196506,4.096824,164.847046,79.048439
8.000012,-0.185265,4.105702,161.137497,85.118752
8.050013,-0.173331,4.114894,157.199341,91.085243
8.100013,-0.160712,4.124431,153.034943,96.938126
8.150013,-0.147416,4.134342,148.647202,102.667580
8.200013,-0.133453,4.144656,144.039536,108.263786
8.250013,-0.118836,4.155404,139.215897,113.716972
8.300014,-0.103578,4.166615,134.180771,119.017441
8.350014,-0.087695,4.178318,128.939240,124.155594
8.400014,-0.071203,4.190540,123.496902,129.122009
8.450014,-0.054121,4.203312,117.859940,133.907455
8.500014,-0.036470,4.216659,112.035080,138.502930
8.550014,-0.018272,4.230608,106.029610,142.899734
8.600015,0.000450,4.245184,99.851349,147.089493
8.650015,0.019671,4.260413,93.508644,151.064224
8.700015,0.039363,4.276315,87.010323,154.816345
8.750015,0.059498,4.292914,80.365707,158.338730
8.800015,0.080047,4.310229,73.584557,161.624786
8.850016,0.100979,4.328279,66.677032,164.668442
8.900016,0.122262,4.347079,59.653683,167.464188
8.950016,0.143862,4.366646,52.525372,170.007156
9.000016,0.165748,4.386992,45.303253,172.293076
9.050016,0.187883,4.408127,37.998711,174.318375
9.100017,0.210232,4.430061,30.623320,176.080109
9.150017,0.232761,4.452801,23.188784,177.576065
9.200017,0.255434,4.476350,15.706882,178.804703
9.250017,0.278214,4.500712,8.189424,179.765182
9.300017,0.301066,4.525887,0.648184,180.457367
9.350018,0.323955,4.551874,-6.905141,180.881790
9.400018,0.346845,4.578669,-14.458993,181.039673
9.450018,0.369703,4.606265,-22.001993,180.932892
9.500018,0.392494,4.634656,-29.522997,180.563934
9.550018,0.415185,4.663832,-37.011131,179.935913
9.600019,0.437745,4.693781,-44.455837,179.052490
9.650019,0.460142,4.724492,-51.846909,177.917892
9.700019,0.482347,4.755950,-59.174519,176.536835
9.750019,0.504331,4.788139,-66.429260,174.914490
9.800019,0.526067,4.821042,-73.602150,173.056458
9.850019,0.547529,4.854641,-80.684669,170.968735
9.900020,0.568693,4.888917,-87.668770,168.657639
9.950020,0.589536,4.923851,-94.546875,166.129791
10.000020,0.610036,4.959419,-101.311897,163.392075
10.050020,0.630173,4.995603,-107.957253,160.451569
10.100020,0.649930,5.032378,-114.476837,157.315567
10.150021,0.669288,5.069724,-120.865036,153.991470
10.200021,0.688232,5.107617,-127.116714,150.486801
10.250021,0.706749,5.146034,-133.227219,146.809143
10.300021,0.724825,5.184953,-139.192352,142.966110
10.350021,0.742449,5.224349,-145.008362,138.965347
10.400022,0.759612,5.264200,-150.671921,134.814468
10.450022,0.776303,5.304483,-156.180130,130.521042
10.500022,0.792517,5.345176,-161.530502,126.092575
10.550022,0.808245,5.386255,-166.720901,121.536491
10.600022,0.823483,5.427699,-171.749557,116.860100
10.650023,0.838227,5.469485,-176.615067,112.070595
10.700023,0.852474,5.511592,-181.316345,107.175041
10.750023,0.866220,5.554000,-185.852600,102.180344
10.800023,0.879465,5.596688,-190.223312,97.093269
10.850023,0.892207,5.639637,-194.428253,91.920410
10.900023,0.904447,5.682825,-198.467453,86.668190
10.950024,0.916185,5.726235,-202.341125,81.342857
11.000024,0.927423,5.769849,-206.049744,75.950478
11.050024,0.938163,5.813647,-209.593964,70.496933
11.100024,0.948408,5.857614,-212.974609,64.987930
11.150024,0.958160,5.901732,-216.192673,59.428974
11.200025,0.967422,5.945985,-219.249313,53.825397
11.250025,0.976199,5.990358,-222.145813,48.182346
11.300025,0.984496,6.034836,-224.883575,42.504784
11.350025,0.992315,6.079403,-227.464127,36.797493
11.400025,0.999664,6.124047,-229.889084,31.065083
11.450026,1.006546,6.168754,-232.160172,25.311981
11.500026,1.012967,6.213510,-234.279175,19.542452
11.550026,1.018933,6.258303,-236.247955,13.760588
11.600026,1.024450,6.303122,-238.068420,7.970323
11.650026,1.029523,6.347955,-239.742569,2.175431
11.700027,1.034159,6.392791,-241.272400,-3.620467
11.750027,1.038363,6.437620,-242.659988,-9.413900
11.800027,1.042143,6.482431,-243.907425,-15.201542
11.850027,1.045505,6.527215,-245.016815,-20.980204
11.900027,1.048455,6.571962,-245.990311,-26.746836
11.950027,1.051000,6.616664,-246.830063,-32.498516
12.000028,1.053146,6.661313,-247.538239,-38.232452
12.050028,1.054900,6.705899,-248.117004,-43.945969
12.100028,1.056268,6.750416,-248.568542,-49.636509
12.150028,1.057257,6.794856,-248.895035,-55.301628
12.200028,1.057874,6.839212,-249.098663,-60.938992
12.250029,1.058126,6.883477,-249.181580,-66.546371
12.300029,1.058018,6.927644,-249.145950,-72.121628
12.350029,1.057557,6.971708,-248.993927,-77.662727
12.400029,1.056750,7.015663,-248.727646,-83.167732
12.450029,1.055604,7.059502,-248.349228,-88.634781
12.500030,1.054123,7.103221,-247.860794,-94.062103
12.550030,1.052316,7.146815,-247.264420,-99.448013
12.600030,1.050188,7.190279,-246.562180,-104.790894
12.650030,1.047746,7.233607,-245.756119,-110.089211
12.700030,1.044994,7.276795,-244.848267,-115.341499
12.750031,1.041941,7.319840,-243.840637,-120.546356
12.800031,1.038591,7.362738,-242.735229,-125.702446
12.850031,1.034951,7.405483,-241.533997,-130.808502
12.900031,1.031026,7.448073,-240.238876,-135.863312
12.950031,1.026823,7.490505,-238.851791,-140.865723
13.000031,1.022347,7.532774,-237.374634,-145.814636
13.050032,1.017604,7.574878,-235.809280,-150.709000
13.100032,1.012598,7.616814,-234.157562,-155.547806
13.150032,1.007337,7.658579,-232.421310,-160.330124
13.200032,1.001825,7.700170,-230.602325,-165.055038
13.250032,0.996067,7.741584,-228.702377,-169.721680
13.300033,0.990070,7.782819,-226.723221,-174.329239
13.350033,0.983838,7.823873,-224.666580,-178.876938
13.400033,0.977376,7.864743,-222.534149,-183.364029
13.450033,0.970689,7.905427,-220.327621,-187.789810
13.500033,0.963783,7.945923,-218.048645,-192.153595
13.550034,0.956663,7.986230,-215.698853,-196.454758
13.600034,0.949333,8.026345,-213.279846,-200.692688
13.650034,0.941797,8.066267,-210.793228,-204.866821
13.700034,0.934062,8.105993,-208.240555,-208.976593
13.750034,0.926131,8.145523,-205.623367,-213.021484
13.800035,0.918009,8.184855,-202.943192,-217.001007
13.850035,0.909701,8.223987,-200.201523,-220.914688
13.900035,0.901211,8.262918,-197.399841,-224.762085
13.950035,0.892544,8.301648,-194.539612,-228.542770
14.000035,0.883704,8.340174,-191.622284,-232.256348
14.050035,0.874694,8.378495,-188.649261,-235.902435
14.100036,0.865521,8.416611,-185.621948,-239.480682
14.150036,0.856187,8.454520,-182.541733,-242.990738
14.200036,0.846697,8.492222,-179.409988,-246.432281
14.250036,0.837054,8.529715,-176.228043,-249.805008
14.300036,0.827264,8.566998,-172.997238,-253.108643
14.350037,0.817330,8.604072,-169.718887,-256.342896
14.400037,0.807255,8.640934,-166.394272,-259.507507
14.450037,0.797044,8.677585,-163.024689,-262.602264
14.500037,0.786701,8.714023,-159.611389,-265.626923
14.550037,0.776229,8.750248,-156.155624,-268.581238
14.600038,0.765632,8.786260,-152.658630,-271.465027
14.650038,0.754914,8.822057,-149.121628,-274.278107
14.700038,0.744078,8.857639,-145.545807,-277.020294
14.750038,0.733128,8.893006,-141.932373,-279.691437
14.800038,0.722068,8.928158,-138.282486,-282.291351
14.850039,0.710901,8.963093,-134.597321,-284.819916
14.900039,0.699630,8.997811,-130.878036,-287.276978
14.950039,0.688260,9.032312,-127.125763,-289.662415
15.000039,0.676793,9.066596,-123.341621,-291.976105
15.050039,0.665232,9.100662,-119.526733,-294.217926
15.100039,0.653582,9.134510,-115.682198,-296.387787
15.150040,0.641846,9.168139,-111.809113,-298.485596
15.200040,0.630026,9.201550,-107.908562,-300.511292
15.250040,0.618126,9.234743,-103.981613,-302.464752
15.300040,0.606149,9.267716,-100.029335,-304.345917
15.350040,0.594099,9.300470,-96.052773,-306.154755
15.400041,0.581978,9.333005,-92.052971,-307.891174
15.450041,0.569791,9.365320,-88.030968,-309.555115
15.500041,0.557539,9.397415,-83.987793,-311.146545
15.550041,0.545225,9.429291,-79.924461,-312.665436
15.600041,0.532854,9.460946,-75.841980,-314.111725
15.650042,0.520428,9.492381,-71.741364,-315.485382
15.700042,0.507950,9.523597,-67.623596,-316.786407
15.750042,0.495423,9.554592,-63.489674,-318.014771
15.800042,0.482850,9.585367,-59.340576,-319.170471
15.850042,0.470234,9.615922,-55.177280,-320.253479
15.900043,0.457578,9.646256,-51.000755,-321.263794
15.950043,0.444885,9.676371,-46.811970,-322.201416
16.000042,0.432157,9.706264,-42.611881,-323.066345
16.050041,0.419398,9.735938,-38.401443,-323.858582
16.100040,0.406611,9.765391,-34.181602,-324.578156
16.150040,0.393798,9.794624,-29.953308,-325.225098
16.200039,0.380962,9.823637,-25.717501,-325.799377
16.250038,0.368106,9.852430,-21.475115,-326.301056
16.300037,0.355233,9.881003,-17.227085,-326.730164
16.350037,0.342346,9.909357,-12.974342,-327.086731
16.400036,0.329448,9.937490,-8.717812,-327.370758
16.450035,0.316540,9.965405,-4.458416,-327.582336
16.500034,0.303627,9.993099,-0.197079,-327.721466
16.550034,0.290711,10.020575,4.065283,-327.788208
16.600033,0.277795,10.047831,8.327751,-327.782623
16.650032,0.264880,10.074867,12.589413,-327.704742
16.700031,0.251971,10.101686,16.849352,-327.554657
16.750031,0.239071,10.128284,21.106659,-327.332397
16.800030,0.226180,10.154665,25.360422,-327.038025
16.850029,0.213304,10.180827,29.609732,-326.671631
16.900028,0.200443,10.206772,33.853676,-326.233276
16.950027,0.187602,10.232498,38.091347,-325.723053
17.000027,0.174782,10.258007,42.321838,-325.141022
17.050026,0.161987,10.283298,46.544235,-324.487274
17.100025,0.149219,10.308373,50.757633,-323.761871
17.150024,0.136481,10.333231,54.961117,-322.964935
17.200024,0.123776,10.357872,59.153778,-322.096558
17.250023,0.111107,10.382298,63.334702,-321.156830
17.300022,0.098476,10.406507,67.502975,-320.145844
17.350021,0.085886,10.430500,71.657684,-319.063721
17.400021,0.073340,10.454278,75.797905,-317.910553
17.450020,0.060840,10.477841,79.922722,-316.686493
17.500019,0.048390,10.501190,84.031219,-315.391632
17.550018,0.035992,10.524325,88.122467,-314.026093
17.600018,0.023650,10.547246,92.195534,-312.590027
17.650017,0.011365,10.569954,96.249489,-311.083557
17.700016,-0.000859,10.592448,100.283409,-309.506836
17.750015,-0.013019,10.614731,104.296349,-307.859985
17.800014,-0.025113,10.636801,108.287369,-306.143188
17.850014,-0.037138,10.658660,112.255524,-304.356567
17.900013,-0.049091,10.680307,116.199860,-302.500305
17.950012,-0.060968,10.701744,120.119431,-300.574554
18.000011,-0.072768,10.722971,124.013275,-298.579498
18.050011,-0.084486,10.743989,127.880432,-296.515320
18.100010,-0.096121,10.764798,131.719925,-294.382202
18.150009,-0.107669,10.785398,135.530792,-292.180328
18.200008,-0.119128,10.805791,139.312057,-289.909912
18.250008,-0.130493,10.825976,143.062714,-287.571167
18.300007,-0.141763,10.845956,146.781784,-285.164276
18.350006,-0.152934,10.865729,150.468277,-282.689514
18.400005,-0.164004,10.885298,154.121185,-280.147064
18.450005,-0.174968,10.904662,157.739502,-277.537201
18.500004,-0.185825,10.923822,161.322205,-274.860168
18.550003,-0.196571,10.942780,164.868271,-272.116211
18.600002,-0.207202,10.961536,168.376663,-269.305603
18.650002,-0.217716,10.980091,171.846344,-266.428619
18.700001,-0.228110,10.998446,175.276276,-263.485535
18.750000,-0.238380,11.016601,178.665405,-260.476654
18.799999,-0.248523,11.034557,182.012665,-257.402283
18.849998,-0.258536,11.052317,185.316986,-254.262756
18.899998,-0.268416,11.069880,188.577286,-251.058395
18.949997,-0.278159,11.087247,191.792480,-247.789551
18.999996,-0.287762,11.104420,194.961472,-244.456573
19.049995,-0.297222,11.121399,198.083145,-241.059830
19.099995,-0.306535,11.138186,201.156403,-237.599701
19.149994,-0.315697,11.154783,204.180115,-234.076599
19.199993,-0.324707,11.171190,207.153137,-230.490921
19.249992,-0.333559,11.187409,210.074341,-226.843094
19.299992,-0.342250,11.203442,212.942566,-223.133575
19.349991,-0.350778,11.219288,215.756668,-219.362808
19.399990,-0.359138,11.234950,218.515457,-215.531281
19.449989,-0.367327,11.250429,221.217758,-211.639465
19.499989,-0.375341,11.265727,223.862381,-207.687897
19.549988,-0.383176,11.280846,226.448120,-203.677094
19.599987,-0.390830,11.295787,228.973755,-199.607620
19.649986,-0.398297,11.310552,231.438080,-195.480026
19.699986,-0.405575,11.325142,233.839844,-191.294922
19.749985,-0.412660,11.339561,236.177826,-187.052917
19.799984,-0.419548,11.353808,238.450760,-182.754654
19.849983,-0.426235,11.367887,240.657379,-178.400787
19.899982,-0.432717,11.381801,242.796417,-173.992004
19.949982,-0.438990,11.395549,244.866592,-169.529007
19.999981,-0.445050,11.409135,246.866608,-165.012543
20.049980,-0.450895,11.422562,248.795166,-160.443359
20.099979,-0.456518,11.435831,250.650940,-155.822266
20.149979,-0.461917,11.448946,252.432617,-151.150085
20.199978,-0.467088,11.461908,254.138870,-146.427658
20.249977,-0.472025,11.474721,255.768356,-141.655869
20.299976,-0.476727,11.487387,257.319733,-136.835648
20.349976,-0.481187,11.499908,258.791626,-131.967926
20.399975,-0.485402,11.512290,260.182678,-127.053696
20.449974,-0.489368,11.524533,261.491516,-122.093971
20.499973,-0.493081,11.536642,262.716766,-117.089813
20.549973,-0.496537,11.548619,263.857056,-112.042313
20.599972,-0.499730,11.560469,264.910980,-106.952606
20.649971,-0.502658,11.572194,265.877136,-101.821869
20.699970,-0.505315,11.583798,266.754120,-96.651321
20.749969,-0.507699,11.595286,267.540527,-91.442223
20.799969,-0.509803,11.606661,268.234985,-86.195877
20.849968,-0.511624,11.617927,268.836060,-80.913635
20.899967,-0.513159,11.629088,269.342346,-75.596901
20.949966,-0.514401,11.640150,269.752441,-70.247116
20.999966,-0.515348,11.651115,270.064941,-64.865784
21.049965,-0.515995,11.661990,270.278412,-59.454456
21.099964,-0.516338,11.672779,270.391479,-54.014736
21.149963,-0.516372,11.683487,270.402771,-48.548283
21.199963,-0.516094,11.694118,270.310883,-43.056808
21.249962,-0.515498,11.704680,270.114441,-37.542091
21.299961,-0.514582,11.715177,269.812073,-32.005962
21.349960,-0.513341,11.725614,269.402435,-26.450312
21.399960,-0.511770,11.735998,268.884186,-20.877096
21.449959,-0.509867,11.746335,268.256012,-15.288333
21.499958,-0.507626,11.756631,267.516632,-9.686105
21.549957,-0.505045,11.766892,266.664734,-4.072561
21.599957,-0.502119,11.777127,265.699097,1.550084
21.649956,-0.498844,11.787341,264.618469,7.179544
21.699955,-0.495217,11.797542,263.421692,12.813468
21.749954,-0.491235,11.807735,262.107605,18.449430
21.799953,-0.486894,11.817931,260.675049,24.084936
21.849953,-0.482191,11.828135,259.122986,29.717419
21.899952,-0.477122,11.838357,257.450348,35.344238
21.949951,-0.471686,11.848604,255.656174,40.962685
21.999950,-0.465878,11.858885,253.739517,46.569969
22.049950,-0.459696,11.869208,251.699509,52.163231
22.099949,-0.453138,11.879583,249.535309,57.739536
22.149948,-0.446201,11.890018,247.246185,63.295876
22.199947,-0.438883,11.900523,244.831436,68.829170
22.249947,-0.431183,11.911108,242.290466,74.336266
22.299946,-0.423099,11.921782,239.622726,79.813942
22.349945,-0.414630,11.932554,236.827789,85.258904
22.399944,-0.405774,11.943437,233.905289,90.667786
22.449944,-0.396530,11.954438,230.854950,96.037155
22.499943,-0.386899,11.965570,227.676620,101.363525
22.549942,-0.376880,11.976844,224.370239,106.643333
22.599941,-0.366473,11.988269,220.935852,111.872963
22.649940,-0.355678,11.999857,217.373627,117.048744
22.699940,-0.344497,12.011620,213.683838,122.166954
22.749939,-0.332930,12.023568,209.866913,127.223824
22.799938,-0.320980,12.035714,205.923386,132.215530
22.849937,-0.308648,12.048070,201.853943,137.138229
22.899937,-0.295938,12.060646,197.659393,141.988037
22.949936,-0.282851,12.073455,193.340714,146.761032
22.999935,-0.269391,12.086509,188.899017,151.453293
23.049934,-0.255563,12.099819,184.335587,156.060867
23.099934,-0.241369,12.113399,179.651840,160.579803
23.149933,-0.226816,12.127258,174.849380,165.006149
23.199932,-0.211909,12.141411,169.929962,169.335968
23.249931,-0.196653,12.155868,164.895523,173.565353
23.299931,-0.181055,12.170640,159.748154,177.690399
23.349930,-0.165122,12.185740,154.490112,181.707245
23.399929,-0.148860,12.201180,149.123856,185.612106
23.449928,-0.132279,12.216971,143.652008,189.401215
23.499928,-0.115386,12.233124,138.077362,193.070892
23.549927,-0.098191,12.249649,132.402878,196.617538
23.599926,-0.080702,12.266558,126.631683,200.037643
23.649925,-0.062931,12.283860,120.767082,203.327774
23.699924,-0.044887,12.301567,114.812553,206.484634
23.749924,-0.026581,12.319687,108.771721,209.505051
23.799923,-0.008026,12.338229,102.648369,212.385956
23.849922,0.010768,12.357203,96.446434,215.124435
23.899921,0.029788,12.376617,90.169998,217.717743
23.949921,0.049020,12.396480,83.823280,220.163269
23.999920,0.068452,12.416797,77.410622,222.458572
24.049919,0.088071,12.437576,70.936485,224.601425
24.099918,0.107862,12.458824,64.405449,226.589737
24.149918,0.127811,12.480546,57.822186,228.421646
24.199917,0.147904,12.502747,51.191456,230.095490
24.249916,0.168127,12.525431,44.518105,231.609787
24.299915,0.188463,12.548602,37.807034,232.963303
24.349915,0.208899,12.572264,31.063200,234.154984
24.399914,0.229419,12.596418,24.291607,235.184006
24.449913,0.250008,12.621068,17.497280,236.049774
24.499912,0.270651,12.646214,10.685265,236.751907
24.549911,0.291331,12.671855,3.860605,237.290237
24.599911,0.312035,12.697992,-2.971664,237.664825
24.649910,0.332747,12.724626,-9.806530,237.875961
24.699909,0.353451,12.751752,-16.639017,237.924133
24.749908,0.374134,12.779370,-23.464197,237.810059
24.799908,0.394779,12.807478,-30.277203,237.534653
24.849907,0.415373,12.836071,-37.073235,237.099030
24.899906,0.435902,12.865146,-43.847580,236.504517
24.949905,0.456350,12.894697,-50.595615,235.752609
24.999905,0.476705,12.924720,-57.312817,234.845001
25.049904,0.496954,12.955209,-63.994778,233.783539
25.099903,0.517082,12.986158,-70.637207,232.570267
25.149902,0.537078,13.017561,-77.235931,231.207367
25.199902,0.556930,13.049410,-83.786926,229.697159
25.249901,0.576625,13.081697,-90.286293,228.042114
25.299900,0.596152,13.114416,-96.730286,226.244843
25.349899,0.615501,13.147558,-103.115303,224.308044
25.399899,0.634660,13.181114,-109.437897,222.234543
25.449898,0.653620,13.215075,-115.694771,220.027252
25.499897,0.672372,13.249434,-121.882782,217.689178
25.549896,0.690906,13.284179,-127.998955,215.223419
25.599895,0.709213,13.319301,-134.040466,212.633118
25.649895,0.727287,13.354791,-140.004654,209.921478
25.699894,0.745118,13.390638,-145.889023,207.091766
25.749893,0.762701,13.426834,-151.691208,204.147278
25.799892,0.780027,13.463367,-157.409027,201.091339
25.849892,0.797092,13.500228,-163.040451,197.927307
25.899891,0.813890,13.537406,-168.583572,194.658554
25.949890,0.830414,13.574891,-174.036667,191.288452
25.999889,0.846661,13.612673,-179.398132,187.820374
26.049889,0.862626,13.650742,-184.666504,184.257690
26.099888,0.878305,13.689087,-189.840469,180.603760
26.149887,0.893694,13.727698,-194.918839,176.861923
26.199886,0.908790,13.766566,-199.900558,173.035507
26.249886,0.923590,13.805680,-204.784698,169.127792
26.299885,0.938092,13.845031,-209.570450,165.142044
26.349884,0.952294,13.884608,-214.257095,161.081467
26.399883,0.966194,13.924403,-218.844070,156.949249
26.449883,0.979791,13.964405,-223.330872,152.748520
26.499882,0.993082,14.004605,-227.717117,148.482361
26.549881,1.006068,14.044995,-232.002533,144.153809
26.599880,1.018748,14.085565,-236.186920,139.765854
26.649879,1.031122,14.126306,-240.270172,135.321426
26.699879,1.043189,14.167209,-244.252258,130.823410
26.749878,1.054949,14.208265,-248.133240,126.274605
26.799877,1.066404,14.249468,-251.913239,121.677773
26.849876,1.077553,14.290808,-255.592453,117.035614
26.899876,1.088398,14.332277,-259.171143,112.350769
26.949875,1.098938,14.373868,-262.649628,107.625809
26.999874,1.109177,14.415573,-266.028290,102.863258
27.049873,1.119114,14.457384,-269.307556,98.065567
27.099873,1.128752,14.499294,-272.487915,93.235130
27.149872,1.138091,14.541297,-275.569885,88.374275
27.199871,1.147134,14.583385,-278.554077,83.485275
27.249870,1.155882,14.625551,-281.441071,78.570343
27.299870,1.164338,14.667789,-284.231537,73.631630
27.349869,1.172504,14.710093,-286.926147,68.671234
27.399868,1.180381,14.752458,-289.525635,63.691181
27.449867,1.187972,14.794875,-292.030731,58.693447
27.499866,1.195280,14.837340,-294.442200,53.679955
27.549866,1.202306,14.879848,-296.760864,48.652569
27.599865,1.209054,14.922391,-298.987518,43.613094
27.649864,1.215525,14.964966,-301.123016,38.563286
27.699863,1.221722,15.007567,-303.168213,33.504848
27.749863,1.227649,15.050190,-305.123962,28.439430
27.799862,1.233307,15.092829,-306.991180,23.368629
27.849861,1.238700,15.135479,-308.770721,18.293999
27.899860,1.243829,15.178137,-310.463531,13.217038
27.949860,1.248699,15.220797,-312.070496,8.139203
27.999859,1.253311,15.263455,-313.592560,3.061902
28.049858,1.257669,15.306108,-315.030670,-2.013501
28.099857,1.261776,15.348751,-316.385742,-7.085686
28.149857,1.265633,15.391380,-317.658691,-12.153375
28.199856,1.269245,15.433992,-318.850494,-17.215332
28.249855,1.272613,15.476583,-319.962097,-22.270361
28.299854,1.275741,15.519150,-320.994415,-27.317307
28.349854,1.278632,15.561688,-321.948425,-32.355049
28.399853,1.281289,15.604196,-322.825043,-37.382507
28.449852,1.283714,15.646668,-323.625244,-42.398632
28.499851,1.285910,15.689104,-324.349945,-47.402416
28.549850,1.287880,15.731500,-325.000092,-52.392883
28.599850,1.289627,15.773851,-325.576630,-57.369087
28.649849,1.291154,15.816157,-326.080475,-62.330112
28.699848,1.292463,15.858415,-326.512573,-67.275078
28.749847,1.293558,15.900620,-326.873810,-72.203133
28.799847,1.294441,15.942773,-327.165131,-77.113457
28.849846,1.295115,15.984869,-327.387451,-82.005257
28.899845,1.295582,16.026907,-327.541656,-86.877762
28.949844,1.295846,16.068884,-327.628662,-91.730225
28.999844,1.295908,16.110798,-327.649353,-96.561935
29.049843,1.295773,16.152647,-327.604614,-101.372200
29.099842,1.295441,16.194429,-327.495300,-106.160355
29.149841,1.294917,16.236143,-327.322296,-110.925751
29.199841,1.294203,16.277786,-327.086487,-115.667770
29.249840,1.293300,16.319357,-326.788696,-120.385811
29.299839,1.292213,16.360853,-326.429779,-125.079292
29.349838,1.290942,16.402273,-326.010590,-129.747650
29.399837,1.289492,16.443615,-325.531952,-134.390350
29.449837,1.287864,16.484877,-324.994690,-139.006866
29.499836,1.286061,16.526058,-324.399597,-143.596710
29.549835,1.284085,16.567158,-323.747498,-148.159378
29.599834,1.281938,16.608173,-323.039185,-152.694412
29.649834,1.279624,16.649103,-322.275452,-157.201355
29.699833,1.277144,16.689947,-321.457092,-161.679779
29.749832,1.274501,16.730703,-320.584839,-166.129257
29.799831,1.271697,16.771370,-319.659485,-170.549393
29.849831,1.268734,16.811947,-318.681793,-174.939789
29.899830,1.265615,16.852432,-317.652496,-179.300064
29.949829,1.262342,16.892826,-316.572357,-183.629852
29.999828,1.258917,16.933126,-315.442078,-187.928818
30.049828,1.255342,16.973331,-314.262390,-192.196609
30.099827,1.251620,17.013441,-313.034027,-196.432907
30.149826,1.247752,17.053455,-311.757660,-200.637390
30.199825,1.243741,17.093372,-310.434021,-204.809769
30.249825,1.239589,17.133190,-309.063782,-208.949738
30.299824,1.235298,17.172909,-307.647644,-213.057022
30.349823,1.230869,17.212528,-306.186249,-217.131348
30.399822,1.226306,17.252047,-304.680298,-221.172455
30.449821,1.221609,17.291464,-303.130432,-225.180084
30.499821,1.216782,17.330778,-301.537323,-229.154007
30.549820,1.211825,17.369989,-299.901581,-233.093979
30.599819,1.206741,17.409098,-298.223877,-236.999771
30.649818,1.201532,17.448101,-296.504822,-240.871170
30.699818,1.196199,17.487000,-294.745056,-244.707962
30.749817,1.190745,17.525793,-292.945160,-248.509964
30.799816,1.185171,17.564482,-291.105774,-252.276962
30.849815,1.179479,17.603064,-289.227478,-256.008789
30.899815,1.173671,17.641539,-287.310883,-259.705231
30.949814,1.167749,17.679905,-285.356567,-263.366150
30.999813,1.161714,17.718163,-283.365112,-266.991364
31.049812,1.155569,17.756311,-281.337097,-270.580719
31.099812,1.149314,17.794352,-279.273102,-274.134064
31.149811,1.142952,17.832283,-277.173676,-277.651215
31.199810,1.136485,17.870104,-275.039368,-281.132080
31.249809,1.129913,17.907814,-272.870728,-284.576477
31.299809,1.123239,17.945414,-270.668304,-287.984314
31.349808,1.116464,17.982903,-268.432617,-291.355438
31.399807,1.109590,18.020279,-266.164215,-294.689728
31.449806,1.102619,18.057543,-263.863617,-297.987061
31.499805,1.095551,18.094696,-261.531342,-301.247345
31.549805,1.088390,18.131735,-259.167908,-304.470459
31.599804,1.081135,18.168661,-256.773804,-307.656311
31.649803,1.073789,18.205475,-254.349564,-310.804779
31.699802,1.066352,18.242174,-251.895676,-313.915771
31.749802,1.058828,18.278761,-249.412613,-316.989197
31.799801,1.051217,18.315233,-246.900879,-320.024994
31.849800,1.043520,18.351591,-244.360962,-323.023041
31.899799,1.035739,18.387835,-241.793320,-325.983276
31.949799,1.027876,18.423964,-239.198441,-328.905609
31.999798,1.019932,18.459976,-236.576782,-331.789978
32.049797,1.011908,18.495874,-233.928818,-334.636292
32.099796,1.003805,18.531656,-231.254990,-337.444489
32.149796,0.995626,18.567324,-228.555756,-340.214508
32.199795,0.987370,18.602875,-225.831573,-342.946289
32.249794,0.979041,18.638309,-223.082886,-345.639771
32.299793,0.970639,18.673628,-220.310135,-348.294861
32.349792,0.962165,18.708830,-217.513748,-350.911530
32.399792,0.953621,18.743916,-214.694153,-353.489746
32.449791,0.945008,18.778885,-211.851791,-356.029419
32.499790,0.936327,18.813736,-208.987091,-358.530518
32.549789,0.927579,18.848471,-206.100464,-360.993011
32.599789,0.918767,18.883089,-203.192322,-363.416840
32.649788,0.909890,18.917589,-200.263077,-365.801941
32.699787,0.900951,18.951973,-197.313141,-368.148315
32.749786,0.891950,18.986238,-194.342926,-370.455902
32.799786,0.882889,19.020386,-191.352829,-372.724640
32.849785,0.873770,19.054417,-188.343246,-374.954529
32.899784,0.864592,19.088329,-185.314590,-377.145538
32.949783,0.855357,19.122124,-182.267227,-379.297607
32.999783,0.846067,19.155800,-179.201569,-381.410706
33.049782,0.836723,19.189358,-176.117981,-383.484833
33.099781,0.827326,19.222797,-173.016861,-385.519928
33.149780,0.817877,19.256119,-169.898590,-387.515991
33.199780,0.808377,19.289322,-166.763535,-389.472992
33.249779,0.798827,19.322407,-163.612076,-391.390900
33.299778,0.789228,19.355373,-160.444580,-393.269684
33.349777,0.779582,19.388222,-157.261414,-395.109344
33.399776,0.769890,19.420950,-154.062958,-396.909851
33.449776,0.760152,19.453560,-150.849564,-398.671204
33.499775,0.750371,19.486052,-147.621597,-400.393341
33.549774,0.740546,19.518425,-144.379410,-402.076294
33.599773,0.730679,19.550678,-141.123367,-403.720001
33.649773,0.720771,19.582813,-137.853821,-405.324463
33.699772,0.710824,19.614830,-134.571106,-406.889679
33.749771,0.700837,19.646727,-131.275589,-408.415649
33.799770,0.690813,19.678505,-127.967613,-409.902313
33.849770,0.680752,19.710163,-124.647530,-411.349701
33.899769,0.670656,19.741703,-121.315674,-412.757782
33.949768,0.660525,19.773123,-117.972389,-414.126556
33.999767,0.650360,19.804424,-114.618011,-415.456024
34.049767,0.640163,19.835606,-111.252884,-416.746155
34.099766,0.629934,19.866669,-107.877335,-417.996948
34.149765,0.619674,19.897612,-104.491699,-419.208405
34.199764,0.609385,19.928436,-101.096313,-420.380493
34.249763,0.599068,19.959141,-97.691505,-421.513245
34.299763,0.588722,19.989727,-94.277611,-422.606628
34.349762,0.578351,20.020193,-90.854950,-423.660645
34.399761,0.567954,20.050541,-87.423851,-424.675293
34.449760,0.557532,20.080769,-83.984634,-425.650543
34.499760,0.547086,20.110878,-80.537628,-426.586426
34.549759,0.536618,20.140867,-77.083153,-427.482941
34.599758,0.526128,20.170738,-73.621529,-428.340057
34.649757,0.515618,20.200489,-70.153076,-429.157806
34.699757,0.505088,20.230120,-66.678108,-429.936157
34.749756,0.494539,20.259632,-63.196949,-430.675110
34.799755,0.483972,20.289024,-59.709911,-431.374695
34.849754,0.473388,20.318298,-56.217312,-432.034882
34.899754,0.462789,20.347452,-52.719463,-432.655670
34.949753,0.452174,20.376486,-49.216679,-433.237091
34.999752,0.441546,20.405401,-45.709270,-433.779114
35.049751,0.430904,20.434196,-42.197548,-434.281769
35.099751,0.420251,20.462873,-38.681824,-434.745026
35.149750,0.409586,20.491430,-35.162407,-435.168915
35.199749,0.398911,20.519869,-31.639608,-435.553436
35.249748,0.388226,20.548187,-28.113737,-435.898560
35.299747,0.377533,20.576387,-24.585100,-436.204315
35.349747,0.366833,20.604467,-21.054005,-436.470703
35.399746,0.356126,20.632427,-17.520758,-436.697723
35.449745,0.345414,20.660269,-13.985666,-436.885406
35.499744,0.334697,20.687990,-10.449037,-437.033722
35.549744,0.323976,20.715593,-6.911174,-437.142700
35.599743,0.313252,20.743076,-3.372385,-437.212311
35.649742,0.302527,20.770441,0.167026,-437.242584
35.699741,0.291800,20.797686,3.706753,-437.233521
35.749741,0.281074,20.824812,7.246492,-437.185150
35.799740,0.270348,20.851818,10.785938,-437.097443
35.849739,0.259625,20.878706,14.324786,-436.970428
35.899738,0.248904,20.905476,17.862732,-436.804108
35.949738,0.238186,20.932125,21.399469,-436.598480
35.999737,0.227473,20.958656,24.934696,-436.353577
36.049736,0.216766,20.985067,28.468105,-436.069366
36.099735,0.206065,21.011360,31.999392,-435.745880
36.149734,0.195372,21.037533,35.528252,-435.383148
36.199734,0.184687,21.063587,39.054379,-434.981140
36.249733,0.174011,21.089523,42.577469,-434.539886
36.299732,0.163345,21.115339,46.097214,-434.059387
36.349731,0.152690,21.141037,49.613308,-433.539673
36.399731,0.142047,21.166616,53.125443,-432.980743
36.449730,0.131417,21.192076,56.633312,-432.382599
36.499729,0.120801,21.217417,60.136608,-431.745239
36.549728,0.110200,21.242640,63.635025,-431.068695
36.599728,0.099614,21.267744,67.128250,-430.352997
36.649727,0.089045,21.292728,70.615974,-429.598145
36.699726,0.078494,21.317595,74.097893,-428.804138
36.749725,0.067962,21.342342,77.573685,-427.970978
36.799725,0.057448,21.366972,81.043045,-427.098694
36.849724,0.046956,21.391483,84.505661,-426.187317
36.899723,0.036484,21.415876,87.961220,-425.236847
36.949722,0.026035,21.440151,91.409401,-424.247314
36.999722,0.015609,21.464308,94.849892,-423.218719
37.049721,0.005208,21.488346,98.282379,-422.151062
37.099720,-0.005168,21.512266,101.706543,-421.044373
37.149719,-0.015518,21.536068,105.122063,-419.898682
37.199718,-0.025841,21.559752,108.528625,-418.713989
37.249718,-0.036136,21.583317,111.925903,-417.490326
37.299717,-0.046402,21.606764,115.313576,-416.227722
37.349716,-0.056637,21.630093,118.691322,-414.926178
37.399715,-0.066842,21.653303,122.058815,-413.585724
37.449715,-0.077014,21.676395,125.415726,-412.206360
37.499714,-0.087154,21.699371,128.761734,-410.788147
37.549713,-0.097259,21.722229,132.096497,-409.331085
37.599712,-0.107329,21.744968,135.419693,-407.835175
37.649712,-0.117363,21.767590,138.731003,-406.300476
37.699711,-0.127361,21.790094,142.030075,-404.726990
37.749710,-0.137320,21.812481,145.316574,-403.114777
37.799709,-0.147240,21.834751,148.590164,-401.463837
37.849709,-0.157120,21.856903,151.850510,-399.774200
37.899708,-0.166958,21.878939,155.097275,-398.045898
37.949707,-0.176755,21.900858,158.330109,-396.278961
37.999706,-0.186508,21.922659,161.548676,-394.473419
38.049706,-0.196217,21.944344,164.752609,-392.629303
38.099705,-0.205880,21.965912,167.941574,-390.746643
38.149704,-0.215497,21.987364,171.115219,-388.825470
38.199703,-0.225067,22.008698,174.273193,-386.865845
38.249702,-0.234588,22.029915,177.415146,-384.867767
38.299702,-0.244060,22.051016,180.540710,-382.831299
38.349701,-0.253480,22.072001,183.649536,-380.756470
38.399700,-0.262849,22.092871,186.741241,-378.643341
38.449699,-0.272165,22.113625,189.815475,-376.491943
38.499699,-0.281427,22.134262,192.871872,-374.302307
38.549698,-0.290633,22.154783,195.910065,-372.074493
38.599697,-0.299784,22.175190,198.929672,-369.808533
38.649696,-0.308876,22.195480,201.930328,-367.504486
38.699696,-0.317911,22.215656,204.911652,-365.162415
38.749695,-0.326885,22.235716,207.873260,-362.782349
38.799694,-0.335799,22.255661,210.814774,-360.364349
38.849693,-0.344650,22.275492,213.735794,-357.908478
38.899693,-0.353439,22.295208,216.635941,-355.414764
38.949692,-0.362163,22.314810,219.514832,-352.883301
38.999691,-0.370821,22.334297,222.372070,-350.314148
39.049690,-0.379412,22.353670,225.207245,-347.707336
39.099689,-0.387936,22.372931,228.019958,-345.062958
39.149689,-0.396390,22.392076,230.809814,-342.381073
39.199688,-0.404773,22.411108,233.576401,-339.661774
39.249687,-0.413085,22.430027,236.319305,-336.905121
39.299686,-0.421324,22.448833,239.038116,-334.111176
39.349686,-0.429489,22.467527,241.732422,-331.280029
39.399685,-0.437578,22.486109,244.401794,-328.411743
39.449684,-0.445590,22.504578,247.045807,-325.506409
39.499683,-0.453524,22.522934,249.664032,-322.564117
39.549683,-0.461378,22.541180,252.256042,-319.584961
39.599682,-0.469152,22.559313,254.821396,-316.569031
39.649681,-0.476844,22.577335,257.359650,-313.516418
39.699680,-0.484452,22.595247,259.870361,-310.427246
39.749680,-0.491975,22.613049,262.353088,-307.301575
39.799679,-0.499413,22.630739,264.807373,-304.139526
39.849678,-0.506762,22.648319,267.232788,-300.941223
39.899677,-0.514023,22.665791,269.628845,-297.706787
39.949677,-0.521194,22.683153,271.995087,-294.436310
39.999676,-0.528272,22.700407,274.331055,-291.129913
40.049675,-0.535258,22.717552,276.636261,-287.787720
40.099674,-0.542149,22.734589,278.910217,-284.409882
40.149673,-0.548943,22.751518,281.152466,-280.996521
40.199673,-0.555640,22.768341,283.362518,-277.547760
40.249672,-0.562238,22.785057,285.539886,-274.063751
40.299671,-0.568736,22.801666,287.684082,-270.544647
40.349670,-0.575131,22.818169,289.794586,-266.990601
40.399670,-0.581423,22.834566,291.870911,-263.401764
40.449669,-0.587610,22.850859,293.912537,-259.778290
40.499668,-0.593690,22.867046,295.918945,-256.120361
40.549667,-0.599662,22.883131,297.889618,-252.428131
40.599667,-0.605524,22.899113,299.824066,-248.701797
40.649666,-0.611274,22.914991,301.721741,-244.941544
40.699665,-0.616912,22.930767,303.582092,-241.147568
40.749664,-0.622434,22.946442,305.404602,-237.320053
40.799664,-0.627841,22.962015,307.188721,-233.459213
40.849663,-0.633129,22.977488,308.933899,-229.565247
40.899662,-0.638298,22.992861,310.639587,-225.638382
40.949661,-0.643345,23.008135,312.305206,-221.678848
40.999660,-0.648269,23.023312,313.930206,-217.686874
41.049660,-0.653069,23.038389,315.514038,-213.662704
41.099659,-0.657742,23.053371,317.056091,-209.606583
41.149658,-0.662286,23.068256,318.555817,-205.518753
41.199657,-0.666701,23.083046,320.012634,-201.399490
41.249657,-0.670984,23.097742,321.425934,-197.249069
41.299656,-0.675133,23.112345,322.795105,-193.067780
41.349655,-0.679146,23.126854,324.119568,-188.855896
41.399654,-0.683022,23.141272,325.398743,-184.613739
41.449654,-0.686760,23.155598,326.631989,-180.341599
41.499653,-0.690356,23.169834,327.818695,-176.039810
41.549652,-0.693809,23.183983,328.958221,-171.708694
41.599651,-0.697117,23.198044,330.049957,-167.348602
41.649651,-0.700278,23.212017,331.093262,-162.959869
41.699650,-0.703291,23.225904,332.087494,-158.542877
41.749649,-0.706154,23.239708,333.032043,-154.097992
41.799648,-0.708863,23.253428,333.926239,-149.625610
41.849648,-0.711418,23.267065,334.769409,-145.126114
41.899647,-0.713817,23.280622,335.560913,-140.599930
41.949646,-0.716057,23.294100,336.300110,-136.047485
41.999645,-0.718136,23.307499,336.986298,-131.469208
42.049644,-0.720053,23.320822,337.618805,-126.865562
42.099644,-0.721805,23.334068,338.196991,-122.237007
42.149643,-0.723390,23.347240,338.720123,-117.584023
42.199642,-0.724806,23.360340,339.187561,-112.907112
42.249641,-0.726052,23.373369,339.598572,-108.206779
42.299641,-0.727124,23.386330,339.952484,-103.483559
42.349640,-0.728022,23.399221,340.248627,-98.737991
42.399639,-0.728742,23.412048,340.486267,-93.970634
42.449638,-0.729283,23.424810,340.664703,-89.182076
42.499638,-0.729642,23.437510,340.783203,-84.372902
42.549637,-0.729817,23.450148,340.841095,-79.543732
42.599636,-0.729807,23.462729,340.837646,-74.695198
42.649635,-0.729608,23.475252,340.772125,-69.827950
42.699635,-0.729219,23.487720,340.643829,-64.942657
42.749634,-0.728638,23.500137,340.452026,-60.040020
42.799633,-0.727862,23.512503,340.196014,-55.120747
42.849632,-0.726890,23.524820,339.875061,-50.185570
42.899632,-0.725718,23.537092,339.488434,-45.235245
42.949631,-0.724345,23.549320,339.035400,-40.270554
42.999630,-0.722769,23.561508,338.515259,-35.292294
43.049629,-0.720987,23.573656,337.927246,-30.301289
43.099628,-0.718997,23.585768,337.270691,-25.298388
43.149628,-0.716798,23.597847,336.544830,-20.284464
43.199627,-0.714386,23.609896,335.748962,-15.260414
43.249626,-0.711760,23.621916,334.882355,-10.227161
43.299625,-0.708917,23.633911,333.944305,-5.185656
43.349625,-0.705856,23.645884,332.934113,-0.136873
43.399624,-0.702574,23.657839,331.851074,4.918184
43.449623,-0.699070,23.669777,330.694489,9.978483
43.499622,-0.695340,23.681704,329.463654,15.042967
43.549622,-0.691383,23.693621,328.157898,20.110546
43.599621,-0.687197,23.705530,326.776520,25.180103
43.649620,-0.682780,23.717438,325.318878,30.250492
43.699619,-0.678130,23.729347,323.784302,35.320534
43.749619,-0.673244,23.741261,322.172150,40.389023
43.799618,-0.668122,23.753183,320.481781,45.454716
43.849617,-0.662761,23.765118,318.712555,50.516342
43.899616,-0.657159,23.777069,316.863892,55.572601
43.949615,-0.651314,23.789040,314.935181,60.622158
43.999615,-0.645225,23.801035,312.925873,65.663643
44.049614,-0.638890,23.813059,310.835388,70.695656
44.099613,-0.632308,23.825115,308.663208,75.716759
44.149612,-0.625476,23.837210,306.408783,80.725479
44.199612,-0.618394,23.849346,304.071625,85.720322
44.249611,-0.611060,23.861530,301.651276,90.699753
44.299610,-0.603472,23.873766,299.147308,95.662201
44.349609,-0.595629,23.886057,296.559265,100.606056
44.399609,-0.587531,23.898409,293.886780,105.529694
44.449608,-0.579175,23.910828,291.129486,110.431427
44.499607,-0.570562,23.923319,288.287048,115.309563
44.549606,-0.561690,23.935886,285.359192,120.162361
44.599606,-0.552558,23.948536,282.345642,124.988045
44.649605,-0.543165,23.961273,279.246155,129.784821
44.699604,-0.533512,23.974104,276.060577,134.550842
44.749603,-0.523597,23.987034,272.788757,139.284241
44.799603,-0.513421,24.000067,269.430603,143.983124
44.849602,-0.502983,24.013210,265.986084,148.645569
44.899601,-0.492283,24.026470,262.455170,153.269623
44.949600,-0.481322,24.039852,258.837921,157.853287
44.999599,-0.470099,24.053364,255.134415,162.394562
45.049599,-0.458616,24.067009,251.344803,166.891403
45.099598,-0.446872,24.080795,247.469299,171.341766
45.149597,-0.434868,24.094728,243.508163,175.743561
45.199596,-0.422606,24.108816,239.461731,180.094681
45.249596,-0.410087,24.123064,235.330368,184.393005
45.299595,-0.397312,24.137478,231.114532,188.636398
45.349594,-0.384282,24.152065,226.814743,192.822708
45.399593,-0.371000,24.166832,222.431580,196.949783
45.449593,-0.357467,24.181784,217.965683,201.015442
45.499592,-0.343685,24.196928,213.417770,205.017502
45.549591,-0.329657,24.212273,208.788651,208.953781
45.599590,-0.315386,24.227823,204.079178,212.822083
45.649590,-0.300874,24.243586,199.290283,216.620239
45.699589,-0.286125,24.259567,194.423004,220.346054
45.749588,-0.271141,24.275776,189.478424,223.997375
45.799587,-0.255927,24.292217,184.457718,227.572021
45.849586,-0.240486,24.308897,179.362137,231.067871
45.899586,-0.224822,24.325821,174.193024,234.482773
45.949585,-0.208939,24.342997,168.951767,237.814651
45.999584,-0.192843,24.360430,163.639877,241.061417
46.049583,-0.176537,24.378128,158.258926,244.221008
46.099583,-0.160027,24.396097,152.810547,247.291443
46.149582,-0.143317,24.414341,147.296494,250.270721
46.199581,-0.126414,24.432867,141.718552,253.156921
46.249580,-0.109324,24.451681,136.078629,255.948166
46.299580,-0.092051,24.470789,130.378677,258.642609
46.349579,-0.074603,24.490196,124.620735,261.238495
46.399578,-0.056985,24.509907,118.806915,263.734070
46.449577,-0.039205,24.529926,112.939400,266.127716
46.499577,-0.021269,24.550259,107.020439,268.417816
46.549576,-0.003183,24.570910,101.052345,270.602844
46.599575,0.015043,24.591883,95.037506,272.681366
46.649574,0.033404,24.613184,88.978355,274.652039
46.699574,0.051892,24.634815,82.877396,276.513550
46.749573,0.070499,24.656782,76.737183,278.264679
46.799572,0.089217,24.679087,70.560310,279.904358
46.849571,0.108038,24.701731,64.349426,281.431519
46.899570,0.126953,24.724720,58.107224,282.845245
46.949570,0.145956,24.748055,51.836426,284.144714
46.999569,0.165036,24.771738,45.539791,285.329163
47.049568,0.184187,24.795773,39.220112,286.397949
47.099567,0.203399,24.820158,32.880199,287.350555
47.149567,0.222664,24.844898,26.522882,288.186523
47.199566,0.241972,24.869991,20.151005,288.905518
47.249565,0.261316,24.895441,13.767423,289.507294
47.299564,0.280687,24.921246,7.374993,289.991730
47.349564,0.300077,24.947407,0.976572,290.358826
47.399563,0.319475,24.973923,-5.424987,290.608612
47.449562,0.338875,25.000793,-11.826845,290.741302
47.499561,0.358267,25.028019,-18.226177,290.757141
47.549561,0.377643,25.055597,-24.620176,290.656525
47.599560,0.396994,25.083527,-31.006065,290.439911
47.649559,0.416312,25.111805,-37.381092,290.107910
47.699558,0.435589,25.140432,-43.742538,289.661163
47.749557,0.454817,25.169405,-50.087727,289.100433
47.799557,0.473988,25.198719,-56.414021,288.426544
47.849556,0.493093,25.228374,-62.718826,287.640442
47.899555,0.512126,25.258366,-68.999603,286.743164
47.949554,0.531078,25.288691,-75.253860,285.735809
47.999554,0.549943,25.319345,-81.479164,284.619537
48.049553,0.568712,25.350327,-87.673141,283.395599
48.099552,0.587380,25.381630,-93.833473,282.065308
48.149551,0.605939,25.413252,-99.957916,280.630066
48.199551,0.624382,25.445187,-106.044281,279.091309
48.249550,0.642704,25.477432,-112.090454,277.450562
48.299549,0.660898,25.509981,-118.094391,275.709351
48.349548,0.678958,25.542830,-124.054108,273.869324
48.399548,0.696878,25.575972,-129.967712,271.932129
48.449547,0.714652,25.609404,-135.833359,269.899475
48.499546,0.732276,25.643120,-141.649292,267.773102
48.549545,0.749745,25.677114,-147.413834,265.554779
48.599545,0.767053,25.711382,-153.125381,263.246307
48.649544,0.784195,25.745918,-158.782379,260.849548
48.699543,0.801168,25.780716,-164.383377,258.366364
48.749542,0.817967,25.815769,-169.927002,255.798615
48.799541,0.834588,25.851074,-175.411926,253.148224
48.849541,0.851027,25.886623,-180.836914,250.417099
48.899540,0.867281,25.922411,-186.200790,247.607162
48.949539,0.883347,25.958431,-191.502457,244.720352
48.999538,0.899221,25.994678,-196.740891,241.758606
49.049538,0.914900,26.031147,-201.915131,238.723862
49.099537,0.930382,26.067831,-207.024277,235.618057
49.149536,0.945665,26.104725,-212.067505,232.443130
49.199535,0.960745,26.141823,-217.044067,229.201019
49.249535,0.975622,26.179117,-221.953247,225.893646
49.299534,0.990292,26.216604,-226.794418,222.522919
49.349533,1.004754,26.254278,-231.566986,219.090744
49.399532,1.019007,26.292131,-236.270447,215.598999
49.449532,1.033049,26.330160,-240.904327,212.049561
49.499531,1.046879,26.368359,-245.468216,208.444290
49.549530,1.060496,26.406719,-249.961761,204.785019
49.599529,1.073899,26.445238,-254.384644,201.073563
49.649529,1.087086,26.483910,-258.736603,197.311707
49.699528,1.100059,26.522730,-263.017456,193.501236
49.749527,1.112815,26.561691,-267.226990,189.643890
49.799526,1.125355,26.600790,-271.365112,185.741394
49.849525,1.137678,26.640020,-275.431732,181.795441
49.899525,1.149784,26.679377,-279.426819,177.807709
49.949524,1.161674,26.718855,-283.350342,173.779831
